Workbook

Sheet Calc
A1: Name | B1: Score | C1: Town | D1: Date | E1: Ok | G1: =SUM(B2:B11) -> 136.426
A2: Αλεξίου | B2: 12.5 | C2: Αθήνα | D2: 46096 | E2: =TRUE() -> TRUE | G2: =SUM(B:B) -> 136.426
A3: Βασιλείου | B3: 9 | C3: Πάτρα | D3: 46022 | E3: =FALSE() -> FALSE | G3: =AVERAGE(B2:B11) -> 17.05325
A4: Γεωργίου | C4: Αθήνα | D4: 46023 | E4: =TRUE() -> TRUE | G4: =COUNT(B2:B11) -> 8
A5: Δήμου | B5: 15.25 | C5: Λάρισα | D5: 45351 | E5: =TRUE() -> TRUE | G5: =COUNTA(A1:E11) -> 53
A6: Ελένη | B6: 7 | C6: Πάτρα | D6: 46311 | E6: =FALSE() -> FALSE | G6: =COUNTBLANK(B2:B11) -> 1
A7: Ζαχαρίου | B7: -3 | C7: αθήνα | D7: 36526 | E7: =TRUE() -> TRUE | G7: =MIN(B2:B11) -> -3
A8: Θεοδώρου | B8: 0 | C8: Βόλος | D8: 36525 | E8: =FALSE() -> FALSE | G8: =MAX(B2:B11) -> 100
A9: apple pie | B9: 100 | C9: Βόλος | D9: 46081 | E9: =TRUE() -> TRUE | G9: =MEDIAN(B2:B11) -> 5.8375
A10: Banana | B10: 2.675 | D10: 46203 | E10: =FALSE() -> FALSE | G10: =PRODUCT(B2,B3,B5) -> 1715.625
A11: cherry | B11: 0.001 | C11: Αθήνα | D11: 46204 | E11: =TRUE() -> TRUE | G11: =SUM(B2,3) -> 15.5
G12: =B2+B6 -> 19.5
G13: =B6*2 -> 14
G14: =B4+1 -> 1
G15: =A2&" "&C2 -> Αλεξίου Αθήνα
G16: =B2/B8 -> #DIV/0!
G17: =B2^2 -> 156.25
G18: =-B7^2 -> 9
G19: =10% -> 0.1
G20: =B2>B3 -> TRUE
G21: =A2="αλεξίου" -> TRUE
G22: =A2<A3 -> TRUE
G23: =1/3 -> 0.33333333
G24: =ROUND(B11*1000+0.5,0) -> 2
G25: =ROUND(2.675,2) -> 2.68
G26: =ROUND(-2.5,0) -> -3
G27: =ROUNDUP(1.21,1) -> 1.3
G28: =ROUNDDOWN(-1.29,1) -> -1.2
G29: =ROUND(1234.5678,-2) -> 1200
G30: =INT(-2.5) -> -3
G31: =TRUNC(-2.5) -> -2
G32: =MOD(10,3) -> 1
G33: =MOD(-10,3) -> 2
G34: =MOD(10,-3) -> -2
G35: =ABS(B7) -> 3
G36: =SQRT(16) -> 4
G37: =POWER(2,10) -> 1024
G38: =SIGN(B7) -> -1
G39: =CEILING(2.1,1) -> 3
G40: =FLOOR(2.9,1) -> 2
G41: =IF(B2>10,"big","small") -> big
G42: =IF(B4,"yes","no") -> no
G43: =IF(B3>100,"x") -> FALSE
G44: =IFERROR(B2/B8,"div") -> div
G45: =IFERROR(B2,"x") -> 12.5
G46: =AND(E2,E4) -> TRUE
G47: =OR(E3,E8) -> FALSE
G48: =NOT(E2) -> FALSE
G49: =AND(B2>1,C2="Αθήνα") -> TRUE
G50: =SUMIF(C2:C11,"Αθήνα",B2:B11) -> 9.501
G51: =SUMIF(B2:B11,">5") -> 136.75
G52: =COUNTIF(C2:C11,"Αθήνα") -> 4
G53: =COUNTIF(B2:B11,">=9") -> 4
G54: =COUNTIF(C2:C11,"Β*") -> 2
G55: =COUNTIF(C2:C11,"<>Αθήνα") -> 6
G56: =COUNTIF(B2:B11,"") -> 1
G57: =AVERAGEIF(C2:C11,"Πάτρα",B2:B11) -> 9
G58: =SUMIFS(B2:B11,C2:C11,"Αθήνα",E2:E11,TRUE()) -> 9.501
G59: =COUNTIFS(C2:C11,"Βόλος",B2:B11,">50") -> 1
G60: =AVERAGEIFS(B2:B11,E2:E11,FALSE()) -> 3.8916667
G61: =_xlfn.MAXIFS(B2:B11,C2:C11,"Αθήνα") -> 12.5
G62: =_xlfn.MINIFS(B2:B11,C2:C11,"Βόλος") -> 0
G63: =VLOOKUP("Δήμου",A2:C11,3,FALSE()) -> Λάρισα
G64: =VLOOKUP("δήμου",A2:B11,2,0) -> 15.25
G65: =VLOOKUP("zz",A2:B11,2,FALSE()) -> #N/A
G66: =VLOOKUP(2.5,Data!B2:B5,1,TRUE()) -> 2
G67: =VLOOKUP("c",Data!A2:B5,2,FALSE()) -> 3
G68: =HLOOKUP("Town",A1:E3,2,FALSE()) -> Αθήνα
G69: =MATCH("Λάρισα",C2:C11,0) -> 4
G70: =MATCH(3,Data!B2:B5,1) -> 3
G71: =MATCH("b*",Data!A2:A5,0) -> 2
G72: =INDEX(A2:C11,4,3) -> Λάρισα
G73: =INDEX(Data!B2:B5,2) -> 2
G74: =INDEX(Data!A2:B5,MATCH(3,Data!B2:B5,0),1) -> c
G75: =CHOOSE(2,"a","b","c") -> b
G76: =RANK(B5,B2:B11) -> 2
G77: =RANK(B5,B2:B11,1) -> 7
G78: =LARGE(B2:B11,2) -> 15.25
G79: =SMALL(B2:B11,2) -> 0
G80: =CONCATENATE(A2,"-",B2) -> Αλεξίου-12,5
G81: =LEN(A2) -> 7
G82: =UPPER(A9) -> APPLE PIE
G83: =LOWER(A3) -> βασιλείου
G84: =PROPER("hello big world") -> Hello Big World
G85: =TRIM(" a b ") -> a b
G86: =LEFT(A2,3) -> Αλε
G87: =RIGHT(A2,2) -> ου
G88: =MID(A9,7,3) -> pie
G89: =SUBSTITUTE(A9,"pie","tart") -> apple tart
G90: =REPT("ab",3) -> ababab
G91: =FIND("p",A9) -> 2
G92: =SEARCH("P",A9) -> 2
G93: =VALUE("12") -> 12
G94: =EXACT("a","A") -> FALSE
G95: =TEXT(B2,"0.00") -> 12,50
G96: =TEXT(D2,"dd/mm/yyyy") -> 15/03/2026
G97: =DATE(2026,2,30) -> 46083
G98: =DATE(2026,13,1) -> 46388
G99: =YEAR(D2) -> 2026
G100: =MONTH(D2) -> 3
...

Sheet Data
A1: k | B1: v
A2: a | B2: 1
A3: b | B3: 2
A4: c | B4: 3
A5: d | B5: 4
